accel_z,range_sensor,d_est,v_est,a_est,t
-0.05904638999999997,0.149,0.041997667413493936,0.04068119156310611,-0.0065920814867732325,0.0
0.5564722500000002,0.148,0.07300315477404117,0.0835787298947138,0.5932369231898431,0.010995
0.02237661000000087,0.148,0.09609841960710278,0.10919158918978031,0.047819636529531126,0.017993
-0.00875052000000004,0.151,0.11408570312826775,0.12387854708831929,0.009345478299939695,0.048082
