accel_z,range_sensor,d_est,v_est,a_est,t
0.048726270000000536,0.147,0.04145688307411394,0.04269363096740636,0.10046524383423605,0.0
