accel_z,range_sensor,d_est,v_est,a_est,t
0.024770249999999997,0.15,0.042297591091407793,0.04296822436006906,0.07756774504110309,0.001003
-0.13569191999999958,0.148,0.07304562601638681,0.0697881402279596,-0.0989480444808126,0.012004
0.24751611000000004,0.149,0.09614245895692007,0.09578743013467328,0.27342773768771833,0.033998
