accel_z,range_sensor,d_est,v_est,a_est,t
-0.03988746000000014,0.149,0.04200177619995551,0.041139389335476825,0.012564833764698247,0.001001
0.6283206900000002,0.151,0.07388692321955152,0.08675543955472845,0.6661227732502973,0.01101
-0.13090463999999913,0.151,0.09760395404013925,0.10982499289925278,-0.1047289952858999,0.040014
0.07986321000000064,0.15,0.11492292041120411,0.12473344537543309,0.09705856714243978,0.072003
